portfolio,year,portfolio_value,annual_return,withdrawal,sp500_value,bonds_value,sp500_allocation,bonds_allocation,notes_value,notes_allocation
structured,2008,74994.3573818653,-0.25005642618134705,3124.764890911054,23621.45546461182,30776.810318794614,0.3149764367515445,0.4103883464469406,20596.091598458865,0.2746352168015149
structured,2009,85337.39685000888,0.13791756912426956,3555.72486875037,35552.13189800256,22383.82700442419,0.4166067071449328,0.2622979822523361,27401.437947582137,0.3210953106027312
structured,2010,90784.13030338271,0.06382586831125336,3782.6720959742797,36958.39952624381,26100.62730399629,0.4071019836036993,0.28750209113391434,27725.103473142615,0.3053959252623864
traditional,2008,76467.93028864388,-0.23532069711356118,3186.1637620268284,35432.18319691773,41035.74709172615,0.4633600394723865,0.5366399605276135,,
traditional,2009,84807.58243745979,0.10906078034721456,3533.6492682274916,54376.04984891558,30431.532588544214,0.6411696724053474,0.3588303275946528,,
traditional,2010,89678.19334419255,0.0574313141201086,3736.5913893413563,55093.41678339765,34584.77656079489,0.6143457481569061,0.38565425184309376,,
