total_return,annualized_return
2.483653510969694,0.1618851588961816
