total_return,annualized_return
2.3945721459970053,0.1595558195683371
