total_return,annualized_return
2.434433423352864,0.16060333425074913
