total_return,annualized_return
6.037654336717553,0.2317226637109906
