total_return,annualized_return
0.5622653965508315,0.13715107530184922
