total_return,annualized_return
0.4742029361060093,0.1457196421985063
