total_return,annualized_return
2.6268648720430026,0.16554402297092996
