total_return,annualized_return
2.4893513382221943,0.16203272690318427
