total_return,annualized_return
5.255632130777426,0.21917914617690504
