total_return,annualized_return
1.4521627977588436,0.1588348160808568
