total_return,annualized_return
2.4547301244719293,0.16113345925740097
