total_return,annualized_return
5.800699546488179,0.2280423812059713
